transaction_type,channel,rows,share_of_rows,label
Adjustment,ATM,39590,0.008946876480223312,measured
Adjustment,App,19734,0.004459652954299744,measured
Adjustment,Branch,3978,0.000898981425570304,measured
Adjustment,POS,46268,0.010456026294189751,measured
Adjustment,Transfer,2701,0.0006103943766881325,measured
Adjustment,Web,19847,0.0044851896312955815,measured
Deposit,ATM,182775,0.04130501007003829,measured
Deposit,App,91446,0.020665725350101062,measured
Deposit,Branch,18388,0.004155472713269671,measured
Deposit,POS,213678,0.04828872625767004,measured
Deposit,Transfer,12217,0.002760898963346507,measured
Deposit,Web,90905,0.020543465684129836,measured
Payment,ATM,221647,0.05008962695660663,measured
Payment,App,110413,0.024952045284437903,measured
Payment,Branch,22064,0.004986205674656408,measured
Payment,POS,258573,0.05843447062694576,measured
Payment,Transfer,15052,0.0034015757711624477,measured
Payment,Web,111215,0.025133287894620757,measured
Purchase,ATM,325993,0.07367060127348922,measured
Purchase,App,162618,0.036749764068223154,measured
Purchase,Branch,32314,0.00730258566764173,measured
Purchase,POS,378515,0.08553995834583802,measured
Purchase,Transfer,21697,0.004903267971492933,measured
Purchase,Web,162269,0.03667089415431565,measured
Transfer,ATM,268811,0.060748138760427096,measured
Transfer,App,134801,0.030463447749698985,measured
Transfer,Branch,26914,0.006082248890849463,measured
Transfer,POS,313434,0.07083241431427921,measured
Transfer,Transfer,18026,0.004073664951566189,measured
Transfer,Web,134452,0.030384577835791484,measured
Withdrawal,ATM,289518,0.06542767832284145,measured
Withdrawal,App,144402,0.03263316134117723,measured
Withdrawal,Branch,28837,0.006516824376362709,measured
Withdrawal,POS,337693,0.07631466428987246,measured
Withdrawal,Transfer,19466,0.004399088092044127,measured
Withdrawal,Web,144757,0.032713387184836726,measured
