link,subset,observed_hits,denominator,observed_rate,permutation_mean,permutation_p95,observed_over_mean,permutations,label
problem txn to any Error event within 15 min,all,16,354327,4.51560281886506e-05,3.6717495420896514e-05,5.0800531712231923e-05,1.229823212913144,100,measured
problem txn to Error event on /payments within 15 min,all,4,354327,1.128900704716265e-05,8.240975144428734e-06,1.4252371397042837e-05,1.36986301369863,100,measured
interaction with a problem txn in the 7 days before,all,10173,686296,0.014823050112487907,0.014823050112487912,0.014823050112487907,0.9999999999999997,100,measured
interaction with a problem txn in the 7 days before,Comercial,799,54879,0.014559303194300188,0.014447056251024984,0.01510687148089433,1.0077695373593663,100,measured
interaction with a problem txn in the 7 days before,Producto,2271,150863,0.01505339281334721,0.014792162425511887,0.015179334893247517,1.0176600540421852,100,measured
interaction with a problem txn in the 7 days before,Queja,1708,117021,0.014595670862494766,0.014833576879363533,0.015264781534938173,0.9839616554521154,100,measured
interaction with a problem txn in the 7 days before,Retención,329,20578,0.01598794829429488,0.014820682282048787,0.015990378073670913,1.0787592629024856,100,measured
interaction with a problem txn in the 7 days before,Transaccional,3562,240056,0.014838204418968907,0.014872779684740227,0.015150839804045723,0.9976752653838613,100,measured
interaction with a problem txn in the 7 days before,Técnico,1504,102899,0.014616274210633728,0.014941350256076347,0.015512298467429226,0.9782431949006472,100,measured
