customer_country,transaction_country,rows,share_of_customer_country_rows,label
Argentina,Argentina,835805,0.9497730126533372,measured
Argentina,Brazil,8716,0.009904489179038755,measured
Argentina,Colombia,8887,0.010098806256782632,measured
Argentina,Mexico,8895,0.010107897114220941,measured
Argentina,Spain,8836,0.010040852040613406,measured
Argentina,USA,8866,0.010074942756007068,measured
Colombia,Argentina,13401,0.010086769855152751,measured
Colombia,Brazil,13260,0.009980640868541562,measured
Colombia,Colombia,1262197,0.9500403440686692,measured
Colombia,Mexico,13208,0.009941501100429634,measured
Colombia,Spain,13122,0.009876769945475292,measured
Colombia,USA,13384,0.010073974161731543,measured
México,Argentina,18355,0.008281331564122682,measured
México,Brazil,18496,0.008344947350041576,measured
México,Colombia,18419,0.008310206814468847,measured
México,Mexico,18412,0.008307048583962235,measured
México,México,2105794,0.9500832644914279,measured
México,Spain,18584,0.008384650819267552,measured
México,USA,18371,0.008288550376709223,measured
